{
  "x-generator": "NSwag v14.0.3.0 (NJsonSchema v11.0.0.0 (Newtonsoft.Json v13.0.0.0))",
  "openapi": "3.0.0",
  "info": {
    "title": "EduLink identity API",
    "version": "1.0.0"
  },
  "paths": {
    "/fopermission/getallpermissions": {
      "get": {
        "tags": [
          "FoPermission"
        ],
        "operationId": "FoPermission_GetAllPermissions",
        "responses": {
          "200": {
            "description": "",
            "content": {
              "application/json": {
                "schema": {
                  "type": "array",
                  "items": {
                    "$ref": "#/components/schemas/PermissionDto"
                  }
                }
              }
            }
          }
        },
        "security": [
          {
            "JWT": []
          }
        ]
      }
    },
    "/fopermission/getusersbypermission": {
      "get": {
        "tags": [
          "FoPermission"
        ],
        "operationId": "FoPermission_GetUsersByPermission",
        "parameters": [
          {
            "name": "PermissionName",
            "in": "query",
            "schema": {
              "type": "string"
            },
            "x-position": 1
          }
        ],
        "responses": {
          "200": {
            "description": "",
            "content": {
              "application/json": {
                "schema": {
                  "type": "array",
                  "items": {
                    "type": "string",
                    "format": "guid"
                  }
                }
              }
            }
          }
        }
      }
    },
    "/fopermission/getpermissionbyid": {
      "get": {
        "tags": [
          "FoPermission"
        ],
        "operationId": "FoPermission_GetPermissionById",
        "parameters": [
          {
            "name": "id",
            "in": "query",
            "schema": {
              "type": "string",
              "format": "guid"
            },
            "x-position": 1
          }
        ],
        "responses": {
          "200": {
            "description": "",
            "content": {
              "application/json": {
                "schema": {
                  "$ref": "#/components/schemas/PermissionDto"
                }
              }
            }
          }
        },
        "security": [
          {
            "JWT": []
          }
        ]
      }
    },
    "/fopermission/getpermissionsbycriteria": {
      "get": {
        "tags": [
          "FoPermission"
        ],
        "operationId": "FoPermission_GetPermissionsByCriteria",
        "requestBody": {
          "x-name": "name",
          "content": {
            "application/json": {
              "schema": {
                "type": "string"
              }
            }
          },
          "required": true,
          "x-position": 1
        },
        "responses": {
          "200": {
            "description": "",
            "content": {
              "application/json": {
                "schema": {
                  "type": "array",
                  "items": {
                    "$ref": "#/components/schemas/PermissionDto"
                  }
                }
              }
            }
          }
        },
        "security": [
          {
            "JWT": []
          }
        ]
      }
    },
    "/fopermission/createpermission": {
      "post": {
        "tags": [
          "FoPermission"
        ],
        "operationId": "FoPermission_CreatePermission",
        "parameters": [
          {
            "name": "Name",
            "in": "query",
            "schema": {
              "type": "string"
            },
            "x-position": 1
          },
          {
            "name": "Description",
            "in": "query",
            "schema": {
              "type": "string"
            },
            "x-position": 2
          },
          {
            "name": "Code",
            "in": "query",
            "schema": {
              "type": "string"
            },
            "x-position": 3
          }
        ],
        "responses": {
          "200": {
            "description": "",
            "content": {
              "application/json": {
                "schema": {
                  "type": "boolean"
                }
              }
            }
          }
        },
        "security": [
          {
            "JWT": []
          }
        ]
      }
    },
    "/fopermission/assignpermissionstouser": {
      "post": {
        "tags": [
          "FoPermission"
        ],
        "operationId": "FoPermission_AssignPermissionsToUser",
        "parameters": [
          {
            "name": "UserId",
            "in": "query",
            "schema": {
              "type": "string"
            },
            "x-position": 1
          },
          {
            "name": "PermissionIds",
            "in": "query",
            "style": "form",
            "explode": true,
            "schema": {
              "type": "array",
              "items": {
                "type": "string",
                "format": "guid"
              }
            },
            "x-position": 2
          }
        ],
        "responses": {
          "200": {
            "description": "",
            "content": {
              "application/json": {
                "schema": {
                  "type": "boolean"
                }
              }
            }
          }
        },
        "security": [
          {
            "JWT": []
          }
        ]
      }
    },
    "/fopermission/assignpermissionstorole": {
      "post": {
        "tags": [
          "FoPermission"
        ],
        "operationId": "FoPermission_AssignPermissionsToRole",
        "parameters": [
          {
            "name": "roleId",
            "in": "query",
            "schema": {
              "type": "string"
            },
            "x-position": 1
          }
        ],
        "requestBody": {
          "x-name": "permissions",
          "content": {
            "application/json": {
              "schema": {
                "type": "array",
                "items": {
                  "type": "string",
                  "format": "guid"
                }
              }
            }
          },
          "required": true,
          "x-position": 2
        },
        "responses": {
          "200": {
            "description": "",
            "content": {
              "application/json": {
                "schema": {
                  "type": "boolean"
                }
              }
            }
          }
        },
        "security": [
          {
            "JWT": []
          }
        ]
      }
    },
    "/fopermission/getuserpermissions": {
      "get": {
        "tags": [
          "FoPermission"
        ],
        "operationId": "FoPermission_GetUserPermissions",
        "parameters": [
          {
            "name": "userId",
            "in": "query",
            "schema": {
              "type": "string"
            },
            "x-position": 1
          }
        ],
        "responses": {
          "200": {
            "description": "",
            "content": {
              "application/json": {
                "schema": {
                  "type": "array",
                  "items": {
                    "$ref": "#/components/schemas/PermissionDto"
                  }
                }
              }
            }
          }
        },
        "security": [
          {
            "JWT": []
          }
        ]
      }
    },
    "/fopermission/getrolepermissions": {
      "get": {
        "tags": [
          "FoPermission"
        ],
        "operationId": "FoPermission_GetRolePermissions",
        "parameters": [
          {
            "name": "roleId",
            "in": "query",
            "schema": {
              "type": "string"
            },
            "x-position": 1
          }
        ],
        "responses": {
          "200": {
            "description": "",
            "content": {
              "application/json": {
                "schema": {
                  "type": "array",
                  "items": {
                    "$ref": "#/components/schemas/PermissionDto"
                  }
                }
              }
            }
          }
        },
        "security": [
          {
            "JWT": []
          }
        ]
      }
    },
    "/fopermission/unassignpermissionsfromuser": {
      "post": {
        "tags": [
          "FoPermission"
        ],
        "operationId": "FoPermission_UnassignPermissionsFromUser",
        "parameters": [
          {
            "name": "UserId",
            "in": "query",
            "schema": {
              "type": "string"
            },
            "x-position": 1
          }
        ],
        "requestBody": {
          "x-name": "PermissionIds",
          "content": {
            "application/json": {
              "schema": {
                "type": "array",
                "items": {
                  "type": "string",
                  "format": "guid"
                }
              }
            }
          },
          "required": true,
          "x-position": 2
        },
        "responses": {
          "200": {
            "description": "",
            "content": {
              "application/json": {
                "schema": {
                  "type": "boolean"
                }
              }
            }
          }
        },
        "security": [
          {
            "JWT": []
          }
        ]
      }
    },
    "/fopermission/unassignpermissionsfromrole": {
      "post": {
        "tags": [
          "FoPermission"
        ],
        "operationId": "FoPermission_UnassignPermissionsFromRole",
        "parameters": [
          {
            "name": "roleID",
            "in": "query",
            "schema": {
              "type": "string"
            },
            "x-position": 1
          }
        ],
        "requestBody": {
          "x-name": "PermissionIds",
          "content": {
            "application/json": {
              "schema": {
                "type": "array",
                "items": {
                  "type": "string",
                  "format": "guid"
                }
              }
            }
          },
          "required": true,
          "x-position": 2
        },
        "responses": {
          "200": {
            "description": "",
            "content": {
              "application/json": {
                "schema": {
                  "type": "boolean"
                }
              }
            }
          }
        },
        "security": [
          {
            "JWT": []
          }
        ]
      }
    },
    "/fopermission/updatepermission": {
      "post": {
        "tags": [
          "FoPermission"
        ],
        "operationId": "FoPermission_UpdatePermission",
        "parameters": [
          {
            "name": "PermissionId",
            "in": "query",
            "schema": {
              "type": "string",
              "format": "guid"
            },
            "x-position": 1
          },
          {
            "name": "NewTitle",
            "in": "query",
            "schema": {
              "type": "string",
              "nullable": true
            },
            "x-position": 2
          },
          {
            "name": "NewDescription",
            "in": "query",
            "schema": {
              "type": "string",
              "nullable": true
            },
            "x-position": 3
          }
        ],
        "responses": {
          "200": {
            "description": "",
            "content": {
              "application/json": {
                "schema": {
                  "type": "boolean"
                }
              }
            }
          }
        },
        "security": [
          {
            "JWT": []
          }
        ]
      }
    },
    "/fopermission/deletepermission": {
      "delete": {
        "tags": [
          "FoPermission"
        ],
        "operationId": "FoPermission_DeletePermission",
        "parameters": [
          {
            "name": "permissionId",
            "in": "query",
            "schema": {
              "type": "string",
              "format": "guid"
            },
            "x-position": 1
          }
        ],
        "responses": {
          "200": {
            "description": "",
            "content": {
              "application/json": {
                "schema": {
                  "type": "boolean"
                }
              }
            }
          }
        },
        "security": [
          {
            "JWT": []
          }
        ]
      }
    },
    "/api/fousers": {
      "get": {
        "tags": [
          "FoUsers"
        ],
        "operationId": "FoUsers_Get",
        "parameters": [
          {
            "name": "page",
            "in": "query",
            "schema": {
              "type": "integer",
              "format": "int32",
              "nullable": true
            },
            "x-position": 1
          },
          {
            "name": "size",
            "in": "query",
            "schema": {
              "type": "integer",
              "format": "int32",
              "nullable": true
            },
            "x-position": 2
          },
          {
            "name": "UserName",
            "in": "query",
            "schema": {
              "type": "string",
              "nullable": true
            },
            "x-position": 3
          },
          {
            "name": "Email",
            "in": "query",
            "schema": {
              "type": "string",
              "nullable": true
            },
            "x-position": 4
          },
          {
            "name": "FirstName",
            "in": "query",
            "schema": {
              "type": "string",
              "nullable": true
            },
            "x-position": 5
          },
          {
            "name": "LastName",
            "in": "query",
            "schema": {
              "type": "string",
              "nullable": true
            },
            "x-position": 6
          },
          {
            "name": "IsDeactivated",
            "in": "query",
            "schema": {
              "type": "boolean",
              "nullable": true
            },
            "x-position": 7
          },
          {
            "name": "RoleName",
            "in": "query",
            "schema": {
              "type": "string",
              "nullable": true
            },
            "x-position": 8
          }
        ],
        "responses": {
          "200": {
            "description": "",
            "content": {
              "application/json": {
                "schema": {
                  "$ref": "#/components/schemas/PagedResultOfUserDto"
                }
              }
            }
          }
        },
        "security": [
          {
            "JWT": []
          }
        ]
      }
    },
    "/api/fousers/{id}": {
      "get": {
        "tags": [
          "FoUsers"
        ],
        "operationId": "FoUsers_GetById",
        "parameters": [
          {
            "name": "id",
            "in": "path",
            "required": true,
            "schema": {
              "type": "string"
            },
            "x-position": 1
          }
        ],
        "responses": {
          "200": {
            "description": "",
            "content": {
              "application/json": {
                "schema": {
                  "$ref": "#/components/schemas/UserDto"
                }
              }
            }
          }
        },
        "security": [
          {
            "JWT": []
          }
        ]
      },
      "delete": {
        "tags": [
          "FoUsers"
        ],
        "operationId": "FoUsers_Delete",
        "parameters": [
          {
            "name": "id",
            "in": "path",
            "required": true,
            "schema": {
              "type": "string"
            },
            "x-position": 1
          }
        ],
        "responses": {
          "200": {
            "description": "",
            "content": {
              "application/json": {
                "schema": {
                  "$ref": "#/components/schemas/Result"
                }
              }
            }
          }
        },
        "security": [
          {
            "JWT": []
          }
        ]
      },
      "put": {
        "tags": [
          "FoUsers"
        ],
        "operationId": "FoUsers_Update",
        "parameters": [
          {
            "name": "id",
            "in": "path",
            "required": true,
            "schema": {
              "type": "string"
            },
            "x-position": 1
          }
        ],
        "requestBody": {
          "x-name": "userUpdateDto",
          "content": {
            "application/json": {
              "schema": {
                "$ref": "#/components/schemas/UserUpdateDto"
              }
            }
          },
          "required": true,
          "x-position": 2
        },
        "responses": {
          "200": {
            "description": "",
            "content": {
              "application/json": {
                "schema": {
                  "$ref": "#/components/schemas/UserDto"
                }
              }
            }
          }
        },
        "security": [
          {
            "JWT": []
          }
        ]
      }
    },
    "/api/fousers/createuser": {
      "post": {
        "tags": [
          "FoUsers"
        ],
        "operationId": "FoUsers_Create",
        "requestBody": {
          "x-name": "userDto",
          "content": {
            "application/json": {
              "schema": {
                "$ref": "#/components/schemas/UserCreateDto"
              }
            }
          },
          "required": true,
          "x-position": 1
        },
        "responses": {
          "200": {
            "description": "",
            "content": {
              "application/json": {
                "schema": {
                  "$ref": "#/components/schemas/UserDto"
                }
              }
            }
          }
        }
      }
    },
    "/api/fousers/passwordforgotten": {
      "put": {
        "tags": [
          "FoUsers"
        ],
        "operationId": "FoUsers_PasswordForgotten",
        "requestBody": {
          "x-name": "data",
          "content": {
            "application/json": {
              "schema": {
                "$ref": "#/components/schemas/ForgotPasswordRequest"
              }
            }
          },
          "required": true,
          "x-position": 1
        },
        "responses": {
          "200": {
            "description": "",
            "content": {
              "application/json": {
                "schema": {
                  "type": "string"
                }
              }
            }
          }
        }
      }
    },
    "/api/fousers/newpassword": {
      "put": {
        "tags": [
          "FoUsers"
        ],
        "operationId": "FoUsers_NewPassword",
        "requestBody": {
          "x-name": "data",
          "content": {
            "application/json": {
              "schema": {
                "$ref": "#/components/schemas/ResetPasswordRequest"
              }
            }
          },
          "required": true,
          "x-position": 1
        },
        "responses": {
          "200": {
            "description": "",
            "content": {
              "application/json": {
                "schema": {
                  "type": "string"
                }
              }
            }
          }
        }
      }
    },
    "/api/fousers/resetpassword": {
      "post": {
        "tags": [
          "FoUsers"
        ],
        "operationId": "FoUsers_ResetPassword",
        "parameters": [
          {
            "name": "userId",
            "in": "query",
            "schema": {
              "type": "string"
            },
            "x-position": 1
          }
        ],
        "responses": {
          "200": {
            "description": "",
            "content": {
              "application/json": {
                "schema": {
                  "type": "string"
                }
              }
            }
          }
        },
        "security": [
          {
            "JWT": []
          }
        ]
      }
    },
    "/api/fousers/changepassword": {
      "put": {
        "tags": [
          "FoUsers"
        ],
        "operationId": "FoUsers_ChangePassword",
        "requestBody": {
          "x-name": "Data",
          "content": {
            "application/json": {
              "schema": {
                "$ref": "#/components/schemas/ChangePasswordDto"
              }
            }
          },
          "required": true,
          "x-position": 1
        },
        "responses": {
          "200": {
            "description": "",
            "content": {
              "application/json": {
                "schema": {
                  "$ref": "#/components/schemas/Result"
                }
              }
            }
          }
        },
        "security": [
          {
            "JWT": []
          }
        ]
      }
    },
    "/api/fousers/{id}/{roleName}": {
      "put": {
        "tags": [
          "FoUsers"
        ],
        "operationId": "FoUsers_UpdateRole",
        "parameters": [
          {
            "name": "userId",
            "in": "query",
            "schema": {
              "type": "string"
            },
            "x-position": 1
          },
          {
            "name": "roleName",
            "in": "path",
            "required": true,
            "schema": {
              "type": "string"
            },
            "x-position": 2
          },
          {
            "name": "id",
            "in": "path",
            "required": true,
            "schema": {
              "type": "string"
            },
            "x-position": 3
          }
        ],
        "responses": {
          "200": {
            "description": "",
            "content": {
              "application/json": {
                "schema": {
                  "$ref": "#/components/schemas/Result"
                }
              }
            }
          }
        },
        "security": [
          {
            "JWT": []
          }
        ]
      }
    },
    "/api/fousers/{id}/activate": {
      "post": {
        "tags": [
          "FoUsers"
        ],
        "operationId": "FoUsers_Activate",
        "parameters": [
          {
            "name": "id",
            "in": "path",
            "required": true,
            "schema": {
              "type": "string"
            },
            "x-position": 1
          }
        ],
        "responses": {
          "200": {
            "description": "",
            "content": {
              "application/json": {
                "schema": {
                  "$ref": "#/components/schemas/Unit"
                }
              }
            }
          }
        },
        "security": [
          {
            "JWT": []
          }
        ]
      }
    },
    "/api/fousers/{id}/deactivate": {
      "post": {
        "tags": [
          "FoUsers"
        ],
        "operationId": "FoUsers_Deactivate",
        "parameters": [
          {
            "name": "id",
            "in": "path",
            "required": true,
            "schema": {
              "type": "string"
            },
            "x-position": 1
          }
        ],
        "responses": {
          "200": {
            "description": "",
            "content": {
              "application/json": {
                "schema": {
                  "$ref": "#/components/schemas/Unit"
                }
              }
            }
          }
        },
        "security": [
          {
            "JWT": []
          }
        ]
      }
    },
    "/api/fousers/getallroles": {
      "get": {
        "tags": [
          "FoUsers"
        ],
        "operationId": "FoUsers_GetAll",
        "responses": {
          "200": {
            "description": "",
            "content": {
              "application/json": {
                "schema": {
                  "type": "array",
                  "items": {
                    "$ref": "#/components/schemas/RoleDto"
                  }
                }
              }
            }
          }
        },
        "security": [
          {
            "JWT": []
          }
        ]
      }
    },
    "/api/fousers/getrolebycriteria": {
      "get": {
        "tags": [
          "FoUsers"
        ],
        "operationId": "FoUsers_GetByCriteria",
        "requestBody": {
          "x-name": "criteria",
          "content": {
            "application/json": {
              "schema": {
                "$ref": "#/components/schemas/GetRoleByCriteriaDto"
              }
            }
          },
          "required": true,
          "x-position": 1
        },
        "responses": {
          "200": {
            "description": "",
            "content": {
              "application/json": {
                "schema": {
                  "type": "array",
                  "items": {
                    "$ref": "#/components/schemas/RoleDto"
                  }
                }
              }
            }
          }
        },
        "security": [
          {
            "JWT": []
          }
        ]
      }
    },
    "/api/fousers/createrole": {
      "post": {
        "tags": [
          "FoUsers"
        ],
        "operationId": "FoUsers_AddRoles",
        "requestBody": {
          "x-name": "rolename",
          "content": {
            "application/json": {
              "schema": {
                "type": "string"
              }
            }
          },
          "required": true,
          "x-position": 1
        },
        "responses": {
          "200": {
            "description": "",
            "content": {
              "application/json": {
                "schema": {
                  "type": "boolean"
                }
              }
            }
          }
        },
        "security": [
          {
            "JWT": []
          }
        ]
      }
    },
    "/api/fousers/updaterole": {
      "put": {
        "tags": [
          "FoUsers"
        ],
        "operationId": "FoUsers_Update2",
        "parameters": [
          {
            "name": "newRoleName",
            "in": "query",
            "schema": {
              "type": "string"
            },
            "x-position": 2
          }
        ],
        "requestBody": {
          "x-name": "roleId",
          "content": {
            "application/json": {
              "schema": {
                "type": "string"
              }
            }
          },
          "required": true,
          "x-position": 1
        },
        "responses": {
          "200": {
            "description": "",
            "content": {
              "application/json": {
                "schema": {
                  "type": "boolean"
                }
              }
            }
          }
        },
        "security": [
          {
            "JWT": []
          }
        ]
      }
    },
    "/api/fousers/deleterole": {
      "delete": {
        "tags": [
          "FoUsers"
        ],
        "operationId": "FoUsers_DeleteRole",
        "parameters": [
          {
            "name": "roleId",
            "in": "query",
            "schema": {
              "type": "string"
            },
            "x-position": 1
          }
        ],
        "responses": {
          "200": {
            "description": "",
            "content": {
              "application/json": {
                "schema": {
                  "type": "boolean"
                }
              }
            }
          }
        },
        "security": [
          {
            "JWT": []
          }
        ]
      }
    },
    "/foutilityscope/getallutilityscopes": {
      "get": {
        "tags": [
          "FoUtilityScope"
        ],
        "operationId": "FoUtilityScope_GetAllUtilityScopes",
        "responses": {
          "200": {
            "description": "",
            "content": {
              "application/json": {
                "schema": {
                  "type": "array",
                  "items": {
                    "$ref": "#/components/schemas/UtilityScopeDto"
                  }
                }
              }
            }
          }
        },
        "security": [
          {
            "JWT": []
          }
        ]
      }
    },
    "/foutilityscope/getutilityscopesbycriteria": {
      "get": {
        "tags": [
          "FoUtilityScope"
        ],
        "operationId": "FoUtilityScope_GetUtilityScopesByCriteria",
        "requestBody": {
          "x-name": "criteria",
          "content": {
            "application/json": {
              "schema": {
                "$ref": "#/components/schemas/UtilityScopeSearchCriteria"
              }
            }
          },
          "required": true,
          "x-position": 1
        },
        "responses": {
          "200": {
            "description": "",
            "content": {
              "application/json": {
                "schema": {
                  "type": "array",
                  "items": {
                    "$ref": "#/components/schemas/UtilityScopeDto"
                  }
                }
              }
            }
          }
        },
        "security": [
          {
            "JWT": []
          }
        ]
      }
    },
    "/foutilityscope/getutilityscopebyid": {
      "get": {
        "tags": [
          "FoUtilityScope"
        ],
        "operationId": "FoUtilityScope_GetUtilityScopeById",
        "parameters": [
          {
            "name": "id",
            "in": "query",
            "schema": {
              "type": "string",
              "format": "guid"
            },
            "x-position": 1
          }
        ],
        "responses": {
          "200": {
            "description": "",
            "content": {
              "application/json": {
                "schema": {
                  "$ref": "#/components/schemas/UtilityScopeDto"
                }
              }
            }
          }
        },
        "security": [
          {
            "JWT": []
          }
        ]
      }
    },
    "/foutilityscope/createutilityscope": {
      "post": {
        "tags": [
          "FoUtilityScope"
        ],
        "operationId": "FoUtilityScope_CreateUtilityScope",
        "parameters": [
          {
            "name": "Title",
            "in": "query",
            "schema": {
              "type": "string"
            },
            "x-position": 1
          },
          {
            "name": "Description",
            "in": "query",
            "schema": {
              "type": "string"
            },
            "x-position": 2
          }
        ],
        "responses": {
          "200": {
            "description": "",
            "content": {
              "application/json": {
                "schema": {
                  "type": "boolean"
                }
              }
            }
          }
        },
        "security": [
          {
            "JWT": []
          }
        ]
      }
    },
    "/foutilityscope/assignutilityscopetorole": {
      "post": {
        "tags": [
          "FoUtilityScope"
        ],
        "operationId": "FoUtilityScope_AssignUtilityScopeToRole",
        "parameters": [
          {
            "name": "RoleId",
            "in": "query",
            "schema": {
              "type": "string"
            },
            "x-position": 1
          },
          {
            "name": "UtilityScopeId",
            "in": "query",
            "schema": {
              "type": "string",
              "format": "guid"
            },
            "x-position": 2
          }
        ],
        "responses": {
          "200": {
            "description": "",
            "content": {
              "application/json": {
                "schema": {
                  "type": "boolean"
                }
              }
            }
          }
        },
        "security": [
          {
            "JWT": []
          }
        ]
      }
    },
    "/foutilityscope/getutilityscopepermissions": {
      "get": {
        "tags": [
          "FoUtilityScope"
        ],
        "operationId": "FoUtilityScope_GetUtilityScopePermissions",
        "parameters": [
          {
            "name": "utilityScopeId",
            "in": "query",
            "schema": {
              "type": "string",
              "format": "guid"
            },
            "x-position": 1
          }
        ],
        "responses": {
          "200": {
            "description": "",
            "content": {
              "application/json": {
                "schema": {
                  "type": "array",
                  "items": {
                    "$ref": "#/components/schemas/PermissionDto"
                  }
                }
              }
            }
          }
        },
        "security": [
          {
            "JWT": []
          }
        ]
      }
    },
    "/foutilityscope/assignpermissionstoutilityscope": {
      "post": {
        "tags": [
          "FoUtilityScope"
        ],
        "operationId": "FoUtilityScope_AssignPermissionsToUtilityScope",
        "parameters": [
          {
            "name": "UtilityScopeId",
            "in": "query",
            "schema": {
              "type": "string",
              "format": "guid"
            },
            "x-position": 1
          }
        ],
        "requestBody": {
          "x-name": "PermissionIds",
          "content": {
            "application/json": {
              "schema": {
                "type": "array",
                "items": {
                  "type": "string",
                  "format": "guid"
                }
              }
            }
          },
          "required": true,
          "x-position": 2
        },
        "responses": {
          "200": {
            "description": "",
            "content": {
              "application/json": {
                "schema": {
                  "type": "boolean"
                }
              }
            }
          }
        },
        "security": [
          {
            "JWT": []
          }
        ]
      }
    },
    "/foutilityscope/unassignutilityscopefromrole": {
      "post": {
        "tags": [
          "FoUtilityScope"
        ],
        "operationId": "FoUtilityScope_UnassignUtilityScopeFromRole",
        "parameters": [
          {
            "name": "RoleId",
            "in": "query",
            "schema": {
              "type": "string"
            },
            "x-position": 1
          },
          {
            "name": "UtilityScopeId",
            "in": "query",
            "schema": {
              "type": "string",
              "format": "guid"
            },
            "x-position": 2
          }
        ],
        "responses": {
          "200": {
            "description": "",
            "content": {
              "application/json": {
                "schema": {
                  "type": "boolean"
                }
              }
            }
          }
        },
        "security": [
          {
            "JWT": []
          }
        ]
      }
    },
    "/foutilityscope/unassignpermissionsfromutilityscope": {
      "post": {
        "tags": [
          "FoUtilityScope"
        ],
        "operationId": "FoUtilityScope_UnassignPermissionsFromUtilityScope",
        "parameters": [
          {
            "name": "UtilityScopeId",
            "in": "query",
            "schema": {
              "type": "string",
              "format": "guid"
            },
            "x-position": 1
          }
        ],
        "requestBody": {
          "x-name": "PermissionIds",
          "content": {
            "application/json": {
              "schema": {
                "type": "array",
                "items": {
                  "type": "string",
                  "format": "guid"
                }
              }
            }
          },
          "required": true,
          "x-position": 2
        },
        "responses": {
          "200": {
            "description": "",
            "content": {
              "application/json": {
                "schema": {
                  "type": "boolean"
                }
              }
            }
          }
        },
        "security": [
          {
            "JWT": []
          }
        ]
      }
    },
    "/foutilityscope/updateutilityscope": {
      "post": {
        "tags": [
          "FoUtilityScope"
        ],
        "operationId": "FoUtilityScope_UpdateUtiltityScope",
        "parameters": [
          {
            "name": "UtilityId",
            "in": "query",
            "schema": {
              "type": "string",
              "format": "guid"
            },
            "x-position": 1
          },
          {
            "name": "NewTitle",
            "in": "query",
            "schema": {
              "type": "string",
              "nullable": true
            },
            "x-position": 2
          },
          {
            "name": "NewDescription",
            "in": "query",
            "schema": {
              "type": "string",
              "nullable": true
            },
            "x-position": 3
          }
        ],
        "responses": {
          "200": {
            "description": "",
            "content": {
              "application/json": {
                "schema": {
                  "type": "boolean"
                }
              }
            }
          }
        },
        "security": [
          {
            "JWT": []
          }
        ]
      }
    },
    "/foutilityscope/{utilityScopeId}": {
      "delete": {
        "tags": [
          "FoUtilityScope"
        ],
        "operationId": "FoUtilityScope_DeleteUtilityScope",
        "parameters": [
          {
            "name": "utilityScopeId",
            "in": "path",
            "required": true,
            "schema": {
              "type": "string",
              "format": "guid"
            },
            "x-position": 1
          }
        ],
        "responses": {
          "200": {
            "description": "",
            "content": {
              "application/json": {
                "schema": {
                  "type": "boolean"
                }
              }
            }
          }
        },
        "security": [
          {
            "JWT": []
          }
        ]
      }
    },
    "/permission/getallpermissions": {
      "get": {
        "tags": [
          "Permission"
        ],
        "operationId": "Permission_GetAllPermissions",
        "responses": {
          "200": {
            "description": "",
            "content": {
              "application/json": {
                "schema": {
                  "type": "array",
                  "items": {
                    "$ref": "#/components/schemas/PermissionDto"
                  }
                }
              }
            }
          }
        },
        "security": [
          {
            "JWT": []
          }
        ]
      }
    },
    "/permission/getusersbypermission": {
      "get": {
        "tags": [
          "Permission"
        ],
        "operationId": "Permission_GetUsersByPermission",
        "parameters": [
          {
            "name": "PermissionName",
            "in": "query",
            "schema": {
              "type": "string"
            },
            "x-position": 1
          }
        ],
        "responses": {
          "200": {
            "description": "",
            "content": {
              "application/json": {
                "schema": {
                  "type": "array",
                  "items": {
                    "type": "string",
                    "format": "guid"
                  }
                }
              }
            }
          }
        }
      }
    },
    "/permission/getpermissionbyid": {
      "get": {
        "tags": [
          "Permission"
        ],
        "operationId": "Permission_GetPermissionById",
        "parameters": [
          {
            "name": "id",
            "in": "query",
            "schema": {
              "type": "string",
              "format": "guid"
            },
            "x-position": 1
          }
        ],
        "responses": {
          "200": {
            "description": "",
            "content": {
              "application/json": {
                "schema": {
                  "$ref": "#/components/schemas/PermissionDto"
                }
              }
            }
          }
        },
        "security": [
          {
            "JWT": []
          }
        ]
      }
    },
    "/permission/getpermissionsbycriteria": {
      "get": {
        "tags": [
          "Permission"
        ],
        "operationId": "Permission_GetPermissionsByCriteria",
        "requestBody": {
          "x-name": "name",
          "content": {
            "application/json": {
              "schema": {
                "type": "string"
              }
            }
          },
          "required": true,
          "x-position": 1
        },
        "responses": {
          "200": {
            "description": "",
            "content": {
              "application/json": {
                "schema": {
                  "type": "array",
                  "items": {
                    "$ref": "#/components/schemas/PermissionDto"
                  }
                }
              }
            }
          }
        },
        "security": [
          {
            "JWT": []
          }
        ]
      }
    },
    "/permission/createpermission": {
      "post": {
        "tags": [
          "Permission"
        ],
        "operationId": "Permission_CreatePermission",
        "parameters": [
          {
            "name": "Name",
            "in": "query",
            "schema": {
              "type": "string"
            },
            "x-position": 1
          },
          {
            "name": "Description",
            "in": "query",
            "schema": {
              "type": "string"
            },
            "x-position": 2
          },
          {
            "name": "Code",
            "in": "query",
            "schema": {
              "type": "string"
            },
            "x-position": 3
          }
        ],
        "responses": {
          "200": {
            "description": "",
            "content": {
              "application/json": {
                "schema": {
                  "type": "boolean"
                }
              }
            }
          }
        },
        "security": [
          {
            "JWT": []
          }
        ]
      }
    },
    "/permission/assignpermissionstouser": {
      "post": {
        "tags": [
          "Permission"
        ],
        "operationId": "Permission_AssignPermissionsToUser",
        "requestBody": {
          "x-name": "assignPermissionsDto",
          "content": {
            "application/json": {
              "schema": {
                "$ref": "#/components/schemas/AssignPermissionsDto"
              }
            }
          },
          "required": true,
          "x-position": 1
        },
        "responses": {
          "200": {
            "description": "",
            "content": {
              "application/json": {
                "schema": {
                  "type": "boolean"
                }
              }
            }
          }
        },
        "security": [
          {
            "JWT": []
          }
        ]
      }
    },
    "/permission/assignpermissionstorole": {
      "post": {
        "tags": [
          "Permission"
        ],
        "operationId": "Permission_AssignPermissionsToRole",
        "requestBody": {
          "x-name": "assignPermissionsDto",
          "content": {
            "application/json": {
              "schema": {
                "$ref": "#/components/schemas/AssignPermissionsToRoleDto"
              }
            }
          },
          "required": true,
          "x-position": 1
        },
        "responses": {
          "200": {
            "description": "",
            "content": {
              "application/json": {
                "schema": {
                  "type": "boolean"
                }
              }
            }
          }
        },
        "security": [
          {
            "JWT": []
          }
        ]
      }
    },
    "/permission/getuserpermissions": {
      "get": {
        "tags": [
          "Permission"
        ],
        "operationId": "Permission_GetUserPermissions",
        "parameters": [
          {
            "name": "userId",
            "in": "query",
            "schema": {
              "type": "string"
            },
            "x-position": 1
          }
        ],
        "responses": {
          "200": {
            "description": "",
            "content": {
              "application/json": {
                "schema": {
                  "type": "array",
                  "items": {
                    "$ref": "#/components/schemas/PermissionDto"
                  }
                }
              }
            }
          }
        },
        "security": [
          {
            "JWT": []
          }
        ]
      }
    },
    "/permission/getrolepermissions": {
      "get": {
        "tags": [
          "Permission"
        ],
        "operationId": "Permission_GetRolePermissions",
        "parameters": [
          {
            "name": "roleId",
            "in": "query",
            "schema": {
              "type": "string"
            },
            "x-position": 1
          }
        ],
        "responses": {
          "200": {
            "description": "",
            "content": {
              "application/json": {
                "schema": {
                  "type": "array",
                  "items": {
                    "$ref": "#/components/schemas/PermissionDto"
                  }
                }
              }
            }
          }
        },
        "security": [
          {
            "JWT": []
          }
        ]
      }
    },
    "/permission/getdefaultpermissions": {
      "get": {
        "tags": [
          "Permission"
        ],
        "operationId": "Permission_GetDefaultUtilityScopesWithPermissions",
        "parameters": [
          {
            "name": "roleId",
            "in": "query",
            "schema": {
              "type": "string",
              "nullable": true
            },
            "x-position": 1
          }
        ],
        "responses": {
          "200": {
            "description": "",
            "content": {
              "application/json": {
                "schema": {
                  "type": "array",
                  "items": {
                    "$ref": "#/components/schemas/UtilityScopeWithPermissionsDto"
                  }
                }
              }
            }
          }
        },
        "security": [
          {
            "JWT": []
          }
        ]
      }
    },
    "/permission/unassignpermissionsfromuser": {
      "post": {
        "tags": [
          "Permission"
        ],
        "operationId": "Permission_UnassignPermissionsFromUser",
        "parameters": [
          {
            "name": "UserId",
            "in": "query",
            "schema": {
              "type": "string"
            },
            "x-position": 1
          }
        ],
        "requestBody": {
          "x-name": "PermissionIds",
          "content": {
            "application/json": {
              "schema": {
                "type": "array",
                "items": {
                  "type": "string",
                  "format": "guid"
                }
              }
            }
          },
          "required": true,
          "x-position": 2
        },
        "responses": {
          "200": {
            "description": "",
            "content": {
              "application/json": {
                "schema": {
                  "type": "boolean"
                }
              }
            }
          }
        },
        "security": [
          {
            "JWT": []
          }
        ]
      }
    },
    "/permission/unassignpermissionsfromrole": {
      "post": {
        "tags": [
          "Permission"
        ],
        "operationId": "Permission_UnassignPermissionsFromRole",
        "parameters": [
          {
            "name": "RoleId",
            "in": "query",
            "schema": {
              "type": "string"
            },
            "x-position": 1
          },
          {
            "name": "Permissions",
            "in": "query",
            "style": "form",
            "explode": true,
            "schema": {
              "type": "array",
              "items": {
                "type": "string",
                "format": "guid"
              }
            },
            "x-position": 2
          }
        ],
        "responses": {
          "200": {
            "description": "",
            "content": {
              "application/json": {
                "schema": {
                  "type": "boolean"
                }
              }
            }
          }
        },
        "security": [
          {
            "JWT": []
          }
        ]
      }
    },
    "/permission/updatepermission": {
      "post": {
        "tags": [
          "Permission"
        ],
        "operationId": "Permission_UpdatePermission",
        "parameters": [
          {
            "name": "PermissionId",
            "in": "query",
            "schema": {
              "type": "string",
              "format": "guid"
            },
            "x-position": 1
          },
          {
            "name": "NewTitle",
            "in": "query",
            "schema": {
              "type": "string",
              "nullable": true
            },
            "x-position": 2
          },
          {
            "name": "NewDescription",
            "in": "query",
            "schema": {
              "type": "string",
              "nullable": true
            },
            "x-position": 3
          }
        ],
        "responses": {
          "200": {
            "description": "",
            "content": {
              "application/json": {
                "schema": {
                  "type": "boolean"
                }
              }
            }
          }
        },
        "security": [
          {
            "JWT": []
          }
        ]
      }
    },
    "/permission/deletepermission": {
      "delete": {
        "tags": [
          "Permission"
        ],
        "operationId": "Permission_DeletePermission",
        "parameters": [
          {
            "name": "permissionId",
            "in": "query",
            "schema": {
              "type": "string",
              "format": "guid"
            },
            "x-position": 1
          }
        ],
        "responses": {
          "200": {
            "description": "",
            "content": {
              "application/json": {
                "schema": {
                  "type": "boolean"
                }
              }
            }
          }
        },
        "security": [
          {
            "JWT": []
          }
        ]
      }
    },
    "/api/roles/getallroles": {
      "get": {
        "tags": [
          "Roles"
        ],
        "operationId": "Roles_Get",
        "responses": {
          "200": {
            "description": "",
            "content": {
              "application/json": {
                "schema": {
                  "type": "array",
                  "items": {
                    "$ref": "#/components/schemas/RoleDto"
                  }
                }
              }
            }
          }
        },
        "security": [
          {
            "JWT": []
          }
        ]
      }
    },
    "/api/roles/getrolebycriteria": {
      "get": {
        "tags": [
          "Roles"
        ],
        "operationId": "Roles_GetByCriteria",
        "requestBody": {
          "x-name": "criteria",
          "content": {
            "application/json": {
              "schema": {
                "$ref": "#/components/schemas/GetRoleByCriteriaDto"
              }
            }
          },
          "required": true,
          "x-position": 1
        },
        "responses": {
          "200": {
            "description": "",
            "content": {
              "application/json": {
                "schema": {
                  "type": "array",
                  "items": {
                    "$ref": "#/components/schemas/RoleDto"
                  }
                }
              }
            }
          }
        },
        "security": [
          {
            "JWT": []
          }
        ]
      }
    },
    "/api/roles/createrole": {
      "post": {
        "tags": [
          "Roles"
        ],
        "operationId": "Roles_AddRoles",
        "requestBody": {
          "x-name": "rolename",
          "content": {
            "application/json": {
              "schema": {
                "type": "string"
              }
            }
          },
          "required": true,
          "x-position": 1
        },
        "responses": {
          "200": {
            "description": "",
            "content": {
              "application/json": {
                "schema": {
                  "type": "boolean"
                }
              }
            }
          }
        },
        "security": [
          {
            "JWT": []
          }
        ]
      }
    },
    "/api/roles/updaterole": {
      "put": {
        "tags": [
          "Roles"
        ],
        "operationId": "Roles_UpdateRole",
        "parameters": [
          {
            "name": "newRoleName",
            "in": "query",
            "schema": {
              "type": "string"
            },
            "x-position": 2
          }
        ],
        "requestBody": {
          "x-name": "roleId",
          "content": {
            "application/json": {
              "schema": {
                "type": "string"
              }
            }
          },
          "required": true,
          "x-position": 1
        },
        "responses": {
          "200": {
            "description": "",
            "content": {
              "application/json": {
                "schema": {
                  "type": "boolean"
                }
              }
            }
          }
        },
        "security": [
          {
            "JWT": []
          }
        ]
      }
    },
    "/api/roles/deleterole": {
      "delete": {
        "tags": [
          "Roles"
        ],
        "operationId": "Roles_DeleteRole",
        "parameters": [
          {
            "name": "roleId",
            "in": "query",
            "schema": {
              "type": "string"
            },
            "x-position": 1
          }
        ],
        "responses": {
          "200": {
            "description": "",
            "content": {
              "application/json": {
                "schema": {
                  "type": "boolean"
                }
              }
            }
          }
        },
        "security": [
          {
            "JWT": []
          }
        ]
      }
    },
    "/api/users": {
      "get": {
        "tags": [
          "Users"
        ],
        "operationId": "Users_Get",
        "parameters": [
          {
            "name": "page",
            "in": "query",
            "schema": {
              "type": "integer",
              "format": "int32",
              "nullable": true
            },
            "x-position": 1
          },
          {
            "name": "size",
            "in": "query",
            "schema": {
              "type": "integer",
              "format": "int32",
              "nullable": true
            },
            "x-position": 2
          },
          {
            "name": "UserName",
            "in": "query",
            "schema": {
              "type": "string",
              "nullable": true
            },
            "x-position": 3
          },
          {
            "name": "Email",
            "in": "query",
            "schema": {
              "type": "string",
              "nullable": true
            },
            "x-position": 4
          },
          {
            "name": "FirstName",
            "in": "query",
            "schema": {
              "type": "string",
              "nullable": true
            },
            "x-position": 5
          },
          {
            "name": "LastName",
            "in": "query",
            "schema": {
              "type": "string",
              "nullable": true
            },
            "x-position": 6
          },
          {
            "name": "IsDeactivated",
            "in": "query",
            "schema": {
              "type": "boolean",
              "nullable": true
            },
            "x-position": 7
          },
          {
            "name": "RoleName",
            "in": "query",
            "schema": {
              "type": "string",
              "nullable": true
            },
            "x-position": 8
          }
        ],
        "responses": {
          "200": {
            "description": "",
            "content": {
              "application/json": {
                "schema": {
                  "$ref": "#/components/schemas/PagedResultOfUserDto"
                }
              }
            }
          }
        },
        "security": [
          {
            "JWT": []
          }
        ]
      }
    },
    "/api/users/{id}": {
      "get": {
        "tags": [
          "Users"
        ],
        "operationId": "Users_GetById",
        "parameters": [
          {
            "name": "id",
            "in": "path",
            "required": true,
            "schema": {
              "type": "string"
            },
            "x-position": 1
          }
        ],
        "responses": {
          "200": {
            "description": "",
            "content": {
              "application/json": {
                "schema": {
                  "$ref": "#/components/schemas/UserDto"
                }
              }
            }
          }
        },
        "security": [
          {
            "JWT": []
          }
        ]
      },
      "delete": {
        "tags": [
          "Users"
        ],
        "operationId": "Users_Delete",
        "parameters": [
          {
            "name": "id",
            "in": "path",
            "required": true,
            "schema": {
              "type": "string"
            },
            "x-position": 1
          }
        ],
        "responses": {
          "200": {
            "description": "",
            "content": {
              "application/json": {
                "schema": {
                  "$ref": "#/components/schemas/Result"
                }
              }
            }
          }
        },
        "security": [
          {
            "JWT": []
          }
        ]
      },
      "put": {
        "tags": [
          "Users"
        ],
        "operationId": "Users_Update",
        "parameters": [
          {
            "name": "id",
            "in": "path",
            "required": true,
            "schema": {
              "type": "string"
            },
            "x-position": 1
          }
        ],
        "requestBody": {
          "x-name": "userUpdateDto",
          "content": {
            "application/json": {
              "schema": {
                "$ref": "#/components/schemas/UserUpdateDto"
              }
            }
          },
          "required": true,
          "x-position": 2
        },
        "responses": {
          "200": {
            "description": "",
            "content": {
              "application/json": {
                "schema": {
                  "$ref": "#/components/schemas/UserDto"
                }
              }
            }
          }
        },
        "security": [
          {
            "JWT": []
          }
        ]
      }
    },
    "/api/users/createuser": {
      "post": {
        "tags": [
          "Users"
        ],
        "operationId": "Users_Create",
        "requestBody": {
          "x-name": "userDto",
          "content": {
            "application/json": {
              "schema": {
                "$ref": "#/components/schemas/UserCreateDto"
              }
            }
          },
          "required": true,
          "x-position": 1
        },
        "responses": {
          "200": {
            "description": "",
            "content": {
              "application/json": {
                "schema": {
                  "$ref": "#/components/schemas/UserDto"
                }
              }
            }
          }
        },
        "security": [
          {
            "JWT": []
          }
        ]
      }
    },
    "/api/users/resetpassword": {
      "post": {
        "tags": [
          "Users"
        ],
        "operationId": "Users_ResetPassword",
        "parameters": [
          {
            "name": "userId",
            "in": "query",
            "schema": {
              "type": "string"
            },
            "x-position": 1
          }
        ],
        "responses": {
          "200": {
            "description": "",
            "content": {
              "application/json": {
                "schema": {
                  "type": "string"
                }
              }
            }
          }
        },
        "security": [
          {
            "JWT": []
          }
        ]
      }
    },
    "/api/users/{id}/{roleName}": {
      "put": {
        "tags": [
          "Users"
        ],
        "operationId": "Users_UpdateRole",
        "parameters": [
          {
            "name": "userId",
            "in": "query",
            "schema": {
              "type": "string"
            },
            "x-position": 1
          },
          {
            "name": "roleName",
            "in": "path",
            "required": true,
            "schema": {
              "type": "string"
            },
            "x-position": 2
          },
          {
            "name": "id",
            "in": "path",
            "required": true,
            "schema": {
              "type": "string"
            },
            "x-position": 3
          }
        ],
        "responses": {
          "200": {
            "description": "",
            "content": {
              "application/json": {
                "schema": {
                  "$ref": "#/components/schemas/Result"
                }
              }
            }
          }
        },
        "security": [
          {
            "JWT": []
          }
        ]
      }
    },
    "/api/users/{id}/activate": {
      "post": {
        "tags": [
          "Users"
        ],
        "operationId": "Users_Activate",
        "parameters": [
          {
            "name": "id",
            "in": "path",
            "required": true,
            "schema": {
              "type": "string"
            },
            "x-position": 1
          }
        ],
        "responses": {
          "200": {
            "description": "",
            "content": {
              "application/json": {
                "schema": {
                  "$ref": "#/components/schemas/Unit"
                }
              }
            }
          }
        },
        "security": [
          {
            "JWT": []
          }
        ]
      }
    },
    "/api/users/{id}/deactivate": {
      "post": {
        "tags": [
          "Users"
        ],
        "operationId": "Users_Deactivate",
        "parameters": [
          {
            "name": "id",
            "in": "path",
            "required": true,
            "schema": {
              "type": "string"
            },
            "x-position": 1
          }
        ],
        "responses": {
          "200": {
            "description": "",
            "content": {
              "application/json": {
                "schema": {
                  "$ref": "#/components/schemas/Unit"
                }
              }
            }
          }
        },
        "security": [
          {
            "JWT": []
          }
        ]
      }
    },
    "/utilityscope/getallutilityscopes": {
      "get": {
        "tags": [
          "UtilityScope"
        ],
        "operationId": "UtilityScope_GetAllUtilityScopes",
        "responses": {
          "200": {
            "description": "",
            "content": {
              "application/json": {
                "schema": {
                  "type": "array",
                  "items": {
                    "$ref": "#/components/schemas/UtilityScopeDto"
                  }
                }
              }
            }
          }
        },
        "security": [
          {
            "JWT": []
          }
        ]
      }
    },
    "/utilityscope/getutilityscopesbycriteria": {
      "get": {
        "tags": [
          "UtilityScope"
        ],
        "operationId": "UtilityScope_GetUtilityScopesByCriteria",
        "requestBody": {
          "x-name": "criteria",
          "content": {
            "application/json": {
              "schema": {
                "$ref": "#/components/schemas/UtilityScopeSearchCriteria"
              }
            }
          },
          "required": true,
          "x-position": 1
        },
        "responses": {
          "200": {
            "description": "",
            "content": {
              "application/json": {
                "schema": {
                  "type": "array",
                  "items": {
                    "$ref": "#/components/schemas/UtilityScopeDto"
                  }
                }
              }
            }
          }
        },
        "security": [
          {
            "JWT": []
          }
        ]
      }
    },
    "/utilityscope/getutilityscopebyid": {
      "get": {
        "tags": [
          "UtilityScope"
        ],
        "operationId": "UtilityScope_GetUtilityScopeById",
        "parameters": [
          {
            "name": "id",
            "in": "query",
            "schema": {
              "type": "string",
              "format": "guid"
            },
            "x-position": 1
          }
        ],
        "responses": {
          "200": {
            "description": "",
            "content": {
              "application/json": {
                "schema": {
                  "$ref": "#/components/schemas/UtilityScopeDto"
                }
              }
            }
          }
        },
        "security": [
          {
            "JWT": []
          }
        ]
      }
    },
    "/utilityscope/createutilityscope": {
      "post": {
        "tags": [
          "UtilityScope"
        ],
        "operationId": "UtilityScope_CreateUtilityScope",
        "parameters": [
          {
            "name": "Title",
            "in": "query",
            "schema": {
              "type": "string"
            },
            "x-position": 1
          },
          {
            "name": "Description",
            "in": "query",
            "schema": {
              "type": "string"
            },
            "x-position": 2
          }
        ],
        "responses": {
          "200": {
            "description": "",
            "content": {
              "application/json": {
                "schema": {
                  "type": "boolean"
                }
              }
            }
          }
        },
        "security": [
          {
            "JWT": []
          }
        ]
      }
    },
    "/utilityscope/assignutilityscopetorole": {
      "post": {
        "tags": [
          "UtilityScope"
        ],
        "operationId": "UtilityScope_AssignUtilityScopeToRole",
        "parameters": [
          {
            "name": "RoleId",
            "in": "query",
            "schema": {
              "type": "string"
            },
            "x-position": 1
          },
          {
            "name": "UtilityScopeId",
            "in": "query",
            "schema": {
              "type": "string",
              "format": "guid"
            },
            "x-position": 2
          }
        ],
        "responses": {
          "200": {
            "description": "",
            "content": {
              "application/json": {
                "schema": {
                  "type": "boolean"
                }
              }
            }
          }
        },
        "security": [
          {
            "JWT": []
          }
        ]
      }
    },
    "/utilityscope/getutilityscopepermissions": {
      "get": {
        "tags": [
          "UtilityScope"
        ],
        "operationId": "UtilityScope_GetUtilityScopePermissions",
        "parameters": [
          {
            "name": "utilityScopeId",
            "in": "query",
            "schema": {
              "type": "string",
              "format": "guid"
            },
            "x-position": 1
          }
        ],
        "responses": {
          "200": {
            "description": "",
            "content": {
              "application/json": {
                "schema": {
                  "type": "array",
                  "items": {
                    "$ref": "#/components/schemas/PermissionDto"
                  }
                }
              }
            }
          }
        },
        "security": [
          {
            "JWT": []
          }
        ]
      }
    },
    "/utilityscope/assignpermissionstoutilityscope": {
      "post": {
        "tags": [
          "UtilityScope"
        ],
        "operationId": "UtilityScope_AssignPermissionsToUtilityScope",
        "parameters": [
          {
            "name": "UtilityScopeId",
            "in": "query",
            "schema": {
              "type": "string",
              "format": "guid"
            },
            "x-position": 1
          }
        ],
        "requestBody": {
          "x-name": "PermissionIds",
          "content": {
            "application/json": {
              "schema": {
                "type": "array",
                "items": {
                  "type": "string",
                  "format": "guid"
                }
              }
            }
          },
          "required": true,
          "x-position": 2
        },
        "responses": {
          "200": {
            "description": "",
            "content": {
              "application/json": {
                "schema": {
                  "type": "boolean"
                }
              }
            }
          }
        },
        "security": [
          {
            "JWT": []
          }
        ]
      }
    },
    "/utilityscope/unassignutilityscopefromrole": {
      "post": {
        "tags": [
          "UtilityScope"
        ],
        "operationId": "UtilityScope_UnassignUtilityScopeFromRole",
        "parameters": [
          {
            "name": "RoleId",
            "in": "query",
            "schema": {
              "type": "string"
            },
            "x-position": 1
          },
          {
            "name": "UtilityScopeId",
            "in": "query",
            "schema": {
              "type": "string",
              "format": "guid"
            },
            "x-position": 2
          }
        ],
        "responses": {
          "200": {
            "description": "",
            "content": {
              "application/json": {
                "schema": {
                  "type": "boolean"
                }
              }
            }
          }
        },
        "security": [
          {
            "JWT": []
          }
        ]
      }
    },
    "/utilityscope/unassignpermissionsfromutilityscope": {
      "post": {
        "tags": [
          "UtilityScope"
        ],
        "operationId": "UtilityScope_UnassignPermissionsFromUtilityScope",
        "parameters": [
          {
            "name": "UtilityScopeId",
            "in": "query",
            "schema": {
              "type": "string",
              "format": "guid"
            },
            "x-position": 1
          }
        ],
        "requestBody": {
          "x-name": "PermissionIds",
          "content": {
            "application/json": {
              "schema": {
                "type": "array",
                "items": {
                  "type": "string",
                  "format": "guid"
                }
              }
            }
          },
          "required": true,
          "x-position": 2
        },
        "responses": {
          "200": {
            "description": "",
            "content": {
              "application/json": {
                "schema": {
                  "type": "boolean"
                }
              }
            }
          }
        },
        "security": [
          {
            "JWT": []
          }
        ]
      }
    },
    "/utilityscope/updateutilityscope": {
      "post": {
        "tags": [
          "UtilityScope"
        ],
        "operationId": "UtilityScope_UpdateUtiltityScope",
        "parameters": [
          {
            "name": "UtilityId",
            "in": "query",
            "schema": {
              "type": "string",
              "format": "guid"
            },
            "x-position": 1
          },
          {
            "name": "NewTitle",
            "in": "query",
            "schema": {
              "type": "string",
              "nullable": true
            },
            "x-position": 2
          },
          {
            "name": "NewDescription",
            "in": "query",
            "schema": {
              "type": "string",
              "nullable": true
            },
            "x-position": 3
          }
        ],
        "responses": {
          "200": {
            "description": "",
            "content": {
              "application/json": {
                "schema": {
                  "type": "boolean"
                }
              }
            }
          }
        },
        "security": [
          {
            "JWT": []
          }
        ]
      }
    },
    "/utilityscope/{utilityScopeId}": {
      "delete": {
        "tags": [
          "UtilityScope"
        ],
        "operationId": "UtilityScope_DeleteUtilityScope",
        "parameters": [
          {
            "name": "utilityScopeId",
            "in": "path",
            "required": true,
            "schema": {
              "type": "string",
              "format": "guid"
            },
            "x-position": 1
          }
        ],
        "responses": {
          "200": {
            "description": "",
            "content": {
              "application/json": {
                "schema": {
                  "type": "boolean"
                }
              }
            }
          }
        },
        "security": [
          {
            "JWT": []
          }
        ]
      }
    },
    "/api/reload": {
      "post": {
        "tags": [
          "AppLifetime"
        ],
        "operationId": "AppLifetime_Reload",
        "responses": {
          "200": {
            "description": "",
            "content": {
              "application/octet-stream": {
                "schema": {
                  "type": "string",
                  "format": "binary"
                }
              }
            }
          }
        }
      }
    },
    "/resources": {
      "get": {
        "tags": [
          "Resources"
        ],
        "operationId": "Resources_Get",
        "responses": {
          "200": {
            "description": "",
            "content": {
              "application/json": {
                "schema": {
                  "type": "object",
                  "additionalProperties": {
                    "type": "object",
                    "additionalProperties": {
                      "type": "string"
                    }
                  }
                }
              }
            }
          }
        }
      }
    }
  },
  "components": {
    "schemas": {
      "PermissionDto": {
        "type": "object",
        "additionalProperties": false,
        "properties": {
          "id": {
            "type": "string",
            "format": "guid"
          },
          "name": {
            "type": "string"
          },
          "description": {
            "type": "string"
          },
          "code": {
            "type": "string"
          }
        }
      },
      "PagedResultOfUserDto": {
        "allOf": [
          {
            "$ref": "#/components/schemas/PagedResultBase"
          },
          {
            "type": "object",
            "additionalProperties": false,
            "properties": {
              "results": {
                "type": "array",
                "items": {
                  "$ref": "#/components/schemas/UserDto"
                }
              }
            }
          }
        ]
      },
      "UserDto": {
        "type": "object",
        "additionalProperties": false,
        "properties": {
          "id": {
            "type": "string"
          },
          "email": {
            "type": "string",
            "nullable": true
          },
          "userName": {
            "type": "string"
          },
          "firstName": {
            "type": "string",
            "nullable": true
          },
          "lastName": {
            "type": "string",
            "nullable": true
          },
          "phoneNumber": {
            "type": "string",
            "nullable": true
          },
          "emailConfirmed": {
            "type": "boolean",
            "nullable": true
          },
          "phoneNumberConfirmed": {
            "type": "boolean",
            "nullable": true
          },
          "roleNames": {
            "type": "array",
            "items": {
              "type": "string"
            }
          },
          "function": {
            "type": "string",
            "nullable": true
          },
          "permissions": {
            "type": "array",
            "nullable": true,
            "items": {
              "type": "string"
            }
          },
          "createdBy": {
            "type": "string",
            "nullable": true
          },
          "created": {
            "type": "string",
            "format": "date-time",
            "nullable": true
          },
          "lastModifiedBy": {
            "type": "string",
            "nullable": true
          },
          "lastModified": {
            "type": "string",
            "format": "date-time",
            "nullable": true
          },
          "isDeleted": {
            "type": "boolean",
            "nullable": true
          },
          "hashedPassword": {
            "type": "string"
          }
        }
      },
      "PagedResultBase": {
        "type": "object",
        "x-abstract": true,
        "additionalProperties": false,
        "properties": {
          "currentPage": {
            "type": "integer",
            "format": "int32"
          },
          "pageCount": {
            "type": "integer",
            "format": "int32"
          },
          "pageSize": {
            "type": "integer",
            "format": "int32"
          },
          "rowCount": {
            "type": "integer",
            "format": "int32"
          },
          "firstRowOnPage": {
            "type": "integer",
            "format": "int32"
          },
          "lastRowOnPage": {
            "type": "integer",
            "format": "int32"
          }
        }
      },
      "Result": {
        "type": "object",
        "additionalProperties": false,
        "properties": {
          "succeeded": {
            "type": "boolean"
          },
          "errors": {
            "type": "array",
            "items": {
              "type": "string"
            }
          }
        }
      },
      "UserCreateDto": {
        "type": "object",
        "additionalProperties": false,
        "properties": {
          "id": {
            "type": "string",
            "nullable": true
          },
          "userName": {
            "type": "string",
            "nullable": true
          },
          "email": {
            "type": "string"
          },
          "firstName": {
            "type": "string",
            "nullable": true
          },
          "lastName": {
            "type": "string",
            "nullable": true
          },
          "roleName": {
            "type": "string",
            "nullable": true
          },
          "function": {
            "type": "string",
            "nullable": true
          },
          "password": {
            "type": "string",
            "nullable": true
          },
          "token": {
            "type": "string",
            "nullable": true
          },
          "phoneNumber": {
            "type": "string",
            "nullable": true
          }
        }
      },
      "ForgotPasswordRequest": {
        "type": "object",
        "additionalProperties": false,
        "properties": {
          "email": {
            "type": "string"
          }
        }
      },
      "ResetPasswordRequest": {
        "type": "object",
        "additionalProperties": false,
        "properties": {
          "email": {
            "type": "string"
          },
          "resetCode": {
            "type": "string"
          },
          "newPassword": {
            "type": "string"
          }
        }
      },
      "ChangePasswordDto": {
        "type": "object",
        "additionalProperties": false,
        "properties": {
          "userId": {
            "type": "string"
          },
          "oldPassword": {
            "type": "string"
          },
          "newPassword": {
            "type": "string"
          }
        }
      },
      "UserUpdateDto": {
        "type": "object",
        "additionalProperties": false,
        "properties": {
          "id": {
            "type": "string"
          },
          "firstName": {
            "type": "string"
          },
          "lastName": {
            "type": "string"
          },
          "phoneNumber": {
            "type": "string"
          },
          "userName": {
            "type": "string"
          },
          "roleNames": {
            "type": "array",
            "items": {
              "type": "string"
            }
          }
        }
      },
      "Unit": {
        "type": "object",
        "description": "Represents a void type, since Void is not a valid return type in C#.",
        "additionalProperties": false
      },
      "RoleDto": {
        "type": "object",
        "additionalProperties": false,
        "properties": {
          "id": {
            "type": "string"
          },
          "name": {
            "type": "string"
          }
        }
      },
      "GetRoleByCriteriaDto": {
        "type": "object",
        "additionalProperties": false,
        "properties": {
          "roleId": {
            "type": "string",
            "nullable": true
          },
          "roleName": {
            "type": "string",
            "nullable": true
          },
          "userId": {
            "type": "string",
            "nullable": true
          },
          "userName": {
            "type": "string",
            "nullable": true
          },
          "userFn": {
            "type": "string",
            "nullable": true
          },
          "userLn": {
            "type": "string",
            "nullable": true
          }
        }
      },
      "UtilityScopeDto": {
        "type": "object",
        "additionalProperties": false,
        "properties": {
          "id": {
            "type": "string",
            "format": "guid"
          },
          "title": {
            "type": "string"
          },
          "description": {
            "type": "string"
          }
        }
      },
      "UtilityScopeSearchCriteria": {
        "type": "object",
        "additionalProperties": false,
        "properties": {
          "title": {
            "type": "string",
            "nullable": true
          },
          "roleId": {
            "type": "string",
            "nullable": true
          },
          "userId": {
            "type": "string",
            "nullable": true
          },
          "permissionId": {
            "type": "string",
            "format": "guid",
            "nullable": true
          }
        }
      },
      "AssignPermissionsDto": {
        "type": "object",
        "additionalProperties": false,
        "properties": {
          "userId": {
            "type": "string"
          },
          "permissionIds": {
            "type": "array",
            "items": {
              "type": "string",
              "format": "guid"
            }
          }
        }
      },
      "AssignPermissionsToRoleDto": {
        "type": "object",
        "additionalProperties": false,
        "properties": {
          "roleId": {
            "type": "string"
          },
          "permissions": {
            "type": "array",
            "items": {
              "type": "string",
              "format": "guid"
            }
          }
        }
      },
      "UtilityScopeWithPermissionsDto": {
        "type": "object",
        "additionalProperties": false,
        "properties": {
          "utilityScopeId": {
            "type": "string",
            "format": "guid"
          },
          "title": {
            "type": "string"
          },
          "description": {
            "type": "string"
          },
          "permissions": {
            "type": "array",
            "items": {
              "$ref": "#/components/schemas/PermissionStatusDto"
            }
          }
        }
      },
      "PermissionStatusDto": {
        "type": "object",
        "additionalProperties": false,
        "properties": {
          "permission": {
            "$ref": "#/components/schemas/PermissionDto"
          },
          "isActive": {
            "type": "boolean"
          }
        }
      }
    },
    "securitySchemes": {
      "JWT": {
        "type": "apiKey",
        "description": "Type into the textbox: Bearer {your JWT token}.",
        "name": "Authorization",
        "in": "header"
      }
    }
  },
  "security": [
    {
      "JWT": []
    }
  ]
}