{
  "x-generator": "NSwag v14.0.3.0 (NJsonSchema v11.0.0.0 (Newtonsoft.Json v13.0.0.0))",
  "openapi": "3.0.0",
  "info": {
    "title": "EduLink edulink API",
    "version": "1.0.0"
  },
  "paths": {
    "/referential/regions": {
      "get": {
        "tags": [
          "Referential"
        ],
        "operationId": "Referential_GetAllRegions",
        "responses": {
          "200": {
            "description": "",
            "content": {
              "application/json": {
                "schema": {
                  "type": "array",
                  "items": {
                    "$ref": "#/components/schemas/RegionDTO"
                  }
                }
              }
            }
          }
        },
        "security": [
          {
            "JWT": []
          }
        ]
      }
    },
    "/referential/regions/{regionId}": {
      "get": {
        "tags": [
          "Referential"
        ],
        "operationId": "Referential_GetRegionById",
        "parameters": [
          {
            "name": "regionId",
            "in": "path",
            "required": true,
            "schema": {
              "type": "string",
              "format": "guid"
            },
            "x-position": 1
          }
        ],
        "responses": {
          "200": {
            "description": "",
            "content": {
              "application/json": {
                "schema": {
                  "$ref": "#/components/schemas/RegionDTO"
                }
              }
            }
          }
        },
        "security": [
          {
            "JWT": []
          }
        ]
      }
    },
    "/referential/regions/search": {
      "get": {
        "tags": [
          "Referential"
        ],
        "operationId": "Referential_SearchRegions",
        "parameters": [
          {
            "name": "nameFragment",
            "in": "query",
            "schema": {
              "type": "string"
            },
            "x-position": 1
          }
        ],
        "responses": {
          "200": {
            "description": "",
            "content": {
              "application/json": {
                "schema": {
                  "type": "array",
                  "items": {
                    "$ref": "#/components/schemas/RegionDTO"
                  }
                }
              }
            }
          }
        },
        "security": [
          {
            "JWT": []
          }
        ]
      }
    },
    "/referential/cities": {
      "get": {
        "tags": [
          "Referential"
        ],
        "operationId": "Referential_GetAllCities",
        "responses": {
          "200": {
            "description": "",
            "content": {
              "application/json": {
                "schema": {
                  "type": "array",
                  "items": {
                    "$ref": "#/components/schemas/CityDTO"
                  }
                }
              }
            }
          }
        },
        "security": [
          {
            "JWT": []
          }
        ]
      }
    },
    "/referential/cities/{cityId}": {
      "get": {
        "tags": [
          "Referential"
        ],
        "operationId": "Referential_GetCityById",
        "parameters": [
          {
            "name": "cityId",
            "in": "path",
            "required": true,
            "schema": {
              "type": "string",
              "format": "guid"
            },
            "x-position": 1
          }
        ],
        "responses": {
          "200": {
            "description": "",
            "content": {
              "application/json": {
                "schema": {
                  "$ref": "#/components/schemas/CityDTO"
                }
              }
            }
          }
        },
        "security": [
          {
            "JWT": []
          }
        ]
      }
    },
    "/referential/cities/search": {
      "get": {
        "tags": [
          "Referential"
        ],
        "operationId": "Referential_SearchCities",
        "parameters": [
          {
            "name": "nameFragment",
            "in": "query",
            "schema": {
              "type": "string"
            },
            "x-position": 1
          }
        ],
        "responses": {
          "200": {
            "description": "",
            "content": {
              "application/json": {
                "schema": {
                  "type": "array",
                  "items": {
                    "$ref": "#/components/schemas/CityDTO"
                  }
                }
              }
            }
          }
        },
        "security": [
          {
            "JWT": []
          }
        ]
      }
    },
    "/referential/regions/{regionId}/cities": {
      "get": {
        "tags": [
          "Referential"
        ],
        "operationId": "Referential_GetCitiesByRegion",
        "parameters": [
          {
            "name": "regionId",
            "in": "path",
            "required": true,
            "schema": {
              "type": "string",
              "format": "guid"
            },
            "x-position": 1
          }
        ],
        "responses": {
          "200": {
            "description": "",
            "content": {
              "application/json": {
                "schema": {
                  "type": "array",
                  "items": {
                    "$ref": "#/components/schemas/CityDTO"
                  }
                }
              }
            }
          }
        },
        "security": [
          {
            "JWT": []
          }
        ]
      }
    },
    "/school": {
      "get": {
        "tags": [
          "School"
        ],
        "operationId": "School_GetAll",
        "responses": {
          "200": {
            "description": "",
            "content": {
              "application/octet-stream": {
                "schema": {
                  "type": "string",
                  "format": "binary"
                }
              }
            }
          }
        },
        "security": [
          {
            "JWT": []
          }
        ]
      },
      "post": {
        "tags": [
          "School"
        ],
        "operationId": "School_Create",
        "requestBody": {
          "x-name": "cmd",
          "content": {
            "application/json": {
              "schema": {
                "$ref": "#/components/schemas/CreateSchoolCommand"
              }
            }
          },
          "required": true,
          "x-position": 1
        },
        "responses": {
          "200": {
            "description": "",
            "content": {
              "application/octet-stream": {
                "schema": {
                  "type": "string",
                  "format": "binary"
                }
              }
            }
          }
        },
        "security": [
          {
            "JWT": []
          }
        ]
      }
    },
    "/school/{schoolId}": {
      "get": {
        "tags": [
          "School"
        ],
        "operationId": "School_GetById",
        "parameters": [
          {
            "name": "schoolId",
            "in": "path",
            "required": true,
            "schema": {
              "type": "string",
              "format": "guid"
            },
            "x-position": 1
          }
        ],
        "responses": {
          "200": {
            "description": "",
            "content": {
              "application/octet-stream": {
                "schema": {
                  "type": "string",
                  "format": "binary"
                }
              }
            }
          }
        },
        "security": [
          {
            "JWT": []
          }
        ]
      },
      "put": {
        "tags": [
          "School"
        ],
        "operationId": "School_Update",
        "parameters": [
          {
            "name": "schoolId",
            "in": "path",
            "required": true,
            "schema": {
              "type": "string",
              "format": "guid"
            },
            "x-position": 1
          }
        ],
        "requestBody": {
          "x-name": "cmd",
          "content": {
            "application/json": {
              "schema": {
                "$ref": "#/components/schemas/UpdateSchoolCommand"
              }
            }
          },
          "required": true,
          "x-position": 2
        },
        "responses": {
          "200": {
            "description": "",
            "content": {
              "application/octet-stream": {
                "schema": {
                  "type": "string",
                  "format": "binary"
                }
              }
            }
          }
        },
        "security": [
          {
            "JWT": []
          }
        ]
      },
      "delete": {
        "tags": [
          "School"
        ],
        "operationId": "School_Delete",
        "parameters": [
          {
            "name": "schoolId",
            "in": "path",
            "required": true,
            "schema": {
              "type": "string",
              "format": "guid"
            },
            "x-position": 1
          }
        ],
        "responses": {
          "200": {
            "description": "",
            "content": {
              "application/octet-stream": {
                "schema": {
                  "type": "string",
                  "format": "binary"
                }
              }
            }
          }
        },
        "security": [
          {
            "JWT": []
          }
        ]
      }
    },
    "/school/bulk": {
      "post": {
        "tags": [
          "School"
        ],
        "operationId": "School_BulkCreate",
        "requestBody": {
          "x-name": "cmd",
          "content": {
            "application/json": {
              "schema": {
                "$ref": "#/components/schemas/BulkCreateSchoolsCommand"
              }
            }
          },
          "required": true,
          "x-position": 1
        },
        "responses": {
          "200": {
            "description": "",
            "content": {
              "application/octet-stream": {
                "schema": {
                  "type": "string",
                  "format": "binary"
                }
              }
            }
          }
        },
        "security": [
          {
            "JWT": []
          }
        ]
      },
      "put": {
        "tags": [
          "School"
        ],
        "operationId": "School_BulkUpdate",
        "requestBody": {
          "x-name": "cmd",
          "content": {
            "application/json": {
              "schema": {
                "$ref": "#/components/schemas/BulkUpdateSchoolsCommand"
              }
            }
          },
          "required": true,
          "x-position": 1
        },
        "responses": {
          "200": {
            "description": "",
            "content": {
              "application/octet-stream": {
                "schema": {
                  "type": "string",
                  "format": "binary"
                }
              }
            }
          }
        },
        "security": [
          {
            "JWT": []
          }
        ]
      },
      "delete": {
        "tags": [
          "School"
        ],
        "operationId": "School_BulkDelete",
        "requestBody": {
          "x-name": "cmd",
          "content": {
            "application/json": {
              "schema": {
                "$ref": "#/components/schemas/BulkDeleteSchoolsCommand"
              }
            }
          },
          "required": true,
          "x-position": 1
        },
        "responses": {
          "200": {
            "description": "",
            "content": {
              "application/octet-stream": {
                "schema": {
                  "type": "string",
                  "format": "binary"
                }
              }
            }
          }
        },
        "security": [
          {
            "JWT": []
          }
        ]
      }
    },
    "/school/byregion/{regionId}": {
      "get": {
        "tags": [
          "School"
        ],
        "operationId": "School_GetByRegion",
        "parameters": [
          {
            "name": "regionId",
            "in": "path",
            "required": true,
            "schema": {
              "type": "string",
              "format": "guid"
            },
            "x-position": 1
          }
        ],
        "responses": {
          "200": {
            "description": "",
            "content": {
              "application/octet-stream": {
                "schema": {
                  "type": "string",
                  "format": "binary"
                }
              }
            }
          }
        },
        "security": [
          {
            "JWT": []
          }
        ]
      }
    },
    "/school/bycity/{cityId}": {
      "get": {
        "tags": [
          "School"
        ],
        "operationId": "School_GetByCity",
        "parameters": [
          {
            "name": "cityId",
            "in": "path",
            "required": true,
            "schema": {
              "type": "string",
              "format": "guid"
            },
            "x-position": 1
          }
        ],
        "responses": {
          "200": {
            "description": "",
            "content": {
              "application/octet-stream": {
                "schema": {
                  "type": "string",
                  "format": "binary"
                }
              }
            }
          }
        },
        "security": [
          {
            "JWT": []
          }
        ]
      }
    },
    "/school/search": {
      "get": {
        "tags": [
          "School"
        ],
        "operationId": "School_Search",
        "parameters": [
          {
            "name": "nameFragment",
            "in": "query",
            "schema": {
              "type": "string"
            },
            "x-position": 1
          }
        ],
        "responses": {
          "200": {
            "description": "",
            "content": {
              "application/octet-stream": {
                "schema": {
                  "type": "string",
                  "format": "binary"
                }
              }
            }
          }
        },
        "security": [
          {
            "JWT": []
          }
        ]
      }
    },
    "/api/reload": {
      "post": {
        "tags": [
          "AppLifetime"
        ],
        "operationId": "AppLifetime_Reload",
        "responses": {
          "200": {
            "description": "",
            "content": {
              "application/octet-stream": {
                "schema": {
                  "type": "string",
                  "format": "binary"
                }
              }
            }
          }
        }
      }
    },
    "/resources": {
      "get": {
        "tags": [
          "Resources"
        ],
        "operationId": "Resources_Get",
        "responses": {
          "200": {
            "description": "",
            "content": {
              "application/json": {
                "schema": {
                  "type": "object",
                  "additionalProperties": {
                    "type": "object",
                    "additionalProperties": {
                      "type": "string"
                    }
                  }
                }
              }
            }
          }
        }
      }
    }
  },
  "components": {
    "schemas": {
      "RegionDTO": {
        "type": "object",
        "additionalProperties": false,
        "properties": {
          "id": {
            "type": "string",
            "format": "guid"
          },
          "nameFr": {
            "type": "string"
          },
          "nameAr": {
            "type": "string"
          },
          "nameEn": {
            "type": "string"
          }
        }
      },
      "CityDTO": {
        "type": "object",
        "additionalProperties": false,
        "properties": {
          "id": {
            "type": "string",
            "format": "guid"
          },
          "nameFr": {
            "type": "string"
          },
          "nameAr": {
            "type": "string"
          },
          "nameEn": {
            "type": "string"
          },
          "regionId": {
            "type": "string",
            "format": "guid"
          }
        }
      },
      "CreateSchoolCommand": {
        "type": "object",
        "additionalProperties": false,
        "properties": {
          "school": {
            "$ref": "#/components/schemas/CreateSchoolMetadataDTO"
          }
        }
      },
      "CreateSchoolMetadataDTO": {
        "type": "object",
        "additionalProperties": false,
        "properties": {
          "id": {
            "type": "string",
            "format": "guid"
          },
          "nameFr": {
            "type": "string"
          },
          "nameAr": {
            "type": "string"
          },
          "nameEn": {
            "type": "string"
          },
          "code": {
            "type": "string"
          },
          "addressFr": {
            "type": "string"
          },
          "addressAr": {
            "type": "string"
          },
          "addressEn": {
            "type": "string"
          },
          "cityId": {
            "type": "string",
            "format": "guid"
          },
          "useIsolatedDatabase": {
            "type": "boolean"
          },
          "logoUrl": {
            "type": "string"
          },
          "timeZoneId": {
            "type": "string"
          }
        }
      },
      "UpdateSchoolCommand": {
        "type": "object",
        "additionalProperties": false,
        "properties": {
          "schoolId": {
            "type": "string",
            "format": "guid"
          },
          "school": {
            "$ref": "#/components/schemas/UpdateSchoolMetadataDTO"
          }
        }
      },
      "UpdateSchoolMetadataDTO": {
        "allOf": [
          {
            "$ref": "#/components/schemas/CreateSchoolMetadataDTO"
          },
          {
            "type": "object",
            "additionalProperties": false
          }
        ]
      },
      "BulkCreateSchoolsCommand": {
        "type": "object",
        "additionalProperties": false,
        "properties": {
          "schools": {
            "type": "array",
            "items": {
              "$ref": "#/components/schemas/CreateSchoolMetadataDTO"
            }
          }
        }
      },
      "BulkUpdateSchoolsCommand": {
        "type": "object",
        "additionalProperties": false,
        "properties": {
          "schools": {
            "type": "array",
            "items": {
              "$ref": "#/components/schemas/UpdateSchoolMetadataDTO"
            }
          }
        }
      },
      "BulkDeleteSchoolsCommand": {
        "type": "object",
        "additionalProperties": false,
        "properties": {
          "schoolIds": {
            "type": "array",
            "items": {
              "type": "string",
              "format": "guid"
            }
          }
        }
      }
    },
    "securitySchemes": {
      "JWT": {
        "type": "apiKey",
        "description": "Type into the textbox: Bearer {your JWT token}.",
        "name": "Authorization",
        "in": "header"
      }
    }
  },
  "security": [
    {
      "JWT": []
    }
  ]
}