{
  "Version": 1,
  "ManifestType": "Publish",
  "Endpoints": [
    {
      "Route": "SchoolSaas.Web.Identity.peczurrben.styles.css",
      "AssetFile": "SchoolSaas.Web.Identity.styles.css",
      "Selectors": [],
      "ResponseHeaders": [
        {
          "Name": "Accept-Ranges",
          "Value": "bytes"
        },
        {
          "Name": "Cache-Control",
          "Value": "max-age=31536000, immutable"
        },
        {
          "Name": "Content-Length",
          "Value": "1139"
        },
        {
          "Name": "Content-Type",
          "Value": "text/css"
        },
        {
          "Name": "ETag",
          "Value": "\"bzxpNnimLurKmwSCjPqX03kCZEQhy7Yxad3W66Drj64=\""
        },
        {
          "Name": "Last-Modified",
          "Value": "Thu, 03 Apr 2025 19:21:17 GMT"
        }
      ],
      "EndpointProperties": [
        {
          "Name": "fingerprint",
          "Value": "peczurrben"
        },
        {
          "Name": "integrity",
          "Value": "sha256-bzxpNnimLurKmwSCjPqX03kCZEQhy7Yxad3W66Drj64="
        },
        {
          "Name": "label",
          "Value": "SchoolSaas.Web.Identity.styles.css"
        }
      ]
    },
    {
      "Route": "SchoolSaas.Web.Identity.styles.css",
      "AssetFile": "SchoolSaas.Web.Identity.styles.css",
      "Selectors": [],
      "ResponseHeaders": [
        {
          "Name": "Accept-Ranges",
          "Value": "bytes"
        },
        {
          "Name": "Cache-Control",
          "Value": "no-cache"
        },
        {
          "Name": "Content-Length",
          "Value": "1139"
        },
        {
          "Name": "Content-Type",
          "Value": "text/css"
        },
        {
          "Name": "ETag",
          "Value": "\"bzxpNnimLurKmwSCjPqX03kCZEQhy7Yxad3W66Drj64=\""
        },
        {
          "Name": "Last-Modified",
          "Value": "Thu, 03 Apr 2025 19:21:17 GMT"
        }
      ],
      "EndpointProperties": [
        {
          "Name": "integrity",
          "Value": "sha256-bzxpNnimLurKmwSCjPqX03kCZEQhy7Yxad3W66Drj64="
        }
      ]
    },
    {
      "Route": "swagger/v1/swagger.json",
      "AssetFile": "swagger/v1/swagger.json",
      "Selectors": [],
      "ResponseHeaders": [
        {
          "Name": "Accept-Ranges",
          "Value": "bytes"
        },
        {
          "Name": "Cache-Control",
          "Value": "no-cache"
        },
        {
          "Name": "Content-Length",
          "Value": "90871"
        },
        {
          "Name": "Content-Type",
          "Value": "application/json"
        },
        {
          "Name": "ETag",
          "Value": "\"BCzVD34K//Zkt+W7xF+UcL5v4r1OJ2I+iERkVBpG/bc=\""
        },
        {
          "Name": "Last-Modified",
          "Value": "Sun, 30 Mar 2025 16:16:26 GMT"
        }
      ],
      "EndpointProperties": [
        {
          "Name": "integrity",
          "Value": "sha256-BCzVD34K//Zkt+W7xF+UcL5v4r1OJ2I+iERkVBpG/bc="
        }
      ]
    },
    {
      "Route": "swagger/v1/swagger.w9yqsszpnw.json",
      "AssetFile": "swagger/v1/swagger.json",
      "Selectors": [],
      "ResponseHeaders": [
        {
          "Name": "Accept-Ranges",
          "Value": "bytes"
        },
        {
          "Name": "Cache-Control",
          "Value": "max-age=31536000, immutable"
        },
        {
          "Name": "Content-Length",
          "Value": "90871"
        },
        {
          "Name": "Content-Type",
          "Value": "application/json"
        },
        {
          "Name": "ETag",
          "Value": "\"BCzVD34K//Zkt+W7xF+UcL5v4r1OJ2I+iERkVBpG/bc=\""
        },
        {
          "Name": "Last-Modified",
          "Value": "Sun, 30 Mar 2025 16:16:26 GMT"
        }
      ],
      "EndpointProperties": [
        {
          "Name": "fingerprint",
          "Value": "w9yqsszpnw"
        },
        {
          "Name": "integrity",
          "Value": "sha256-BCzVD34K//Zkt+W7xF+UcL5v4r1OJ2I+iERkVBpG/bc="
        },
        {
          "Name": "label",
          "Value": "swagger/v1/swagger.json"
        }
      ]
    }
  ]
}