{
  "Version": 1,
  "ManifestType": "Publish",
  "Endpoints": [
    {
      "Route": "swagger/v1/swagger.05i4yw9t91.json",
      "AssetFile": "swagger/v1/swagger.json",
      "Selectors": [],
      "ResponseHeaders": [
        {
          "Name": "Accept-Ranges",
          "Value": "bytes"
        },
        {
          "Name": "Cache-Control",
          "Value": "max-age=31536000, immutable"
        },
        {
          "Name": "Content-Length",
          "Value": "43405"
        },
        {
          "Name": "Content-Type",
          "Value": "application/json"
        },
        {
          "Name": "ETag",
          "Value": "\"LBm/BYo85POxNlsJ/aItmqP2cz+arGf00QkFTmDeZ6Q=\""
        },
        {
          "Name": "Last-Modified",
          "Value": "Tue, 22 Apr 2025 16:55:45 GMT"
        }
      ],
      "EndpointProperties": [
        {
          "Name": "fingerprint",
          "Value": "05i4yw9t91"
        },
        {
          "Name": "integrity",
          "Value": "sha256-LBm/BYo85POxNlsJ/aItmqP2cz+arGf00QkFTmDeZ6Q="
        },
        {
          "Name": "label",
          "Value": "swagger/v1/swagger.json"
        }
      ]
    },
    {
      "Route": "swagger/v1/swagger.json",
      "AssetFile": "swagger/v1/swagger.json",
      "Selectors": [],
      "ResponseHeaders": [
        {
          "Name": "Accept-Ranges",
          "Value": "bytes"
        },
        {
          "Name": "Cache-Control",
          "Value": "no-cache"
        },
        {
          "Name": "Content-Length",
          "Value": "43405"
        },
        {
          "Name": "Content-Type",
          "Value": "application/json"
        },
        {
          "Name": "ETag",
          "Value": "\"LBm/BYo85POxNlsJ/aItmqP2cz+arGf00QkFTmDeZ6Q=\""
        },
        {
          "Name": "Last-Modified",
          "Value": "Tue, 22 Apr 2025 16:55:45 GMT"
        }
      ],
      "EndpointProperties": [
        {
          "Name": "integrity",
          "Value": "sha256-LBm/BYo85POxNlsJ/aItmqP2cz+arGf00QkFTmDeZ6Q="
        }
      ]
    }
  ]
}