﻿{
  "runtime": "Net80",
  "defaultVariables": null,
  "documentGenerator": {
    "aspNetCoreToOpenApi": {
      "project": "SchoolSaas.Web.IdentityFrontal.csproj",
      "msBuildProjectExtensionsPath": null,
      "configuration": null,
      "runtime": null,
      "targetFramework": null,
      "noBuild": true,
      "verbose": false,
      "workingDirectory": null,
      "requireParametersWithoutDefault": true,
      "apiGroupNames": null,
      "defaultPropertyNameHandling": "CamelCase",
      "defaultReferenceTypeNullHandling": "Null",
      "defaultDictionaryValueReferenceTypeNullHandling": "NotNull",
      "defaultResponseReferenceTypeNullHandling": "NotNull",
      "defaultEnumHandling": "Integer",
      "flattenInheritanceHierarchy": false,
      "generateKnownTypes": true,
      "generateEnumMappingDescription": false,
      "generateXmlObjects": false,
      "generateAbstractProperties": false,
      "generateAbstractSchemas": true,
      "ignoreObsoleteProperties": false,
      "allowReferencesWithProperties": false,
      "excludedTypeNames": [],
      "serviceHost": null,
      "serviceBasePath": null,
      "serviceSchemes": [],
      "infoTitle": "SchoolSaas Frontal Identity API",
      "infoDescription": null,
      "infoVersion": "1.0.0",
      "documentTemplate": null,
      "documentProcessorTypes": [],
      "operationProcessorTypes": [],
      "typeNameGeneratorType": null,
      "schemaNameGeneratorType": null,
      "contractResolverType": null,
      "serializerSettingsType": null,
      "useDocumentProvider": true,
      "documentName": "v1",
      "aspNetCoreEnvironment": null,
      "createWebHostBuilderMethod": null,
      "startupType": null,
      "allowNullableBodyParameters": true,
      "output": "wwwroot/swagger/v1/swagger.json",
      "outputType": "OpenApi3",
      "assemblyPaths": [],
      "assemblyConfig": null,
      "referencePaths": [],
      "useNuGetCache": false
    }
  },
  "codeGenerators": {
    "openApiToTypeScriptClient": {
      "className": "{controller}Client",
      "moduleName": "",
      "namespace": "",
      "typeScriptVersion": 4.2,
      "template": "Axios",
      "promiseType": "Promise",
      "httpClass": "HttpClient",
      "withCredentials": false,
      "useSingletonProvider": true,
      "injectionTokenType": "InjectionToken",
      "rxJsVersion": 6.0,
      "dateTimeType": "Date",
      "nullValue": "Undefined",
      "generateClientClasses": true,
      "generateClientInterfaces": true,
      "generateOptionalParameters": false,
      "exportTypes": true,
      "wrapDtoExceptions": false,
      "exceptionClass": "AppException",
      "clientBaseClass": null,
      "wrapResponses": false,
      "wrapResponseMethods": [],
      "generateResponseClasses": true,
      "responseClass": "SwaggerResponse",
      "protectedMethods": [],
      "configurationClass": null,
      "useTransformOptionsMethod": false,
      "useTransformResultMethod": false,
      "generateDtoTypes": true,
      "operationGenerationMode": "MultipleClientsFromOperationId",
      "markOptionalProperties": true,
      "generateCloneMethod": false,
      "typeStyle": "Class",
      "classTypes": [],
      "extendedClasses": [],
      "extensionCode": null,
      "generateDefaultValues": true,
      "excludedTypeNames": [],
      "excludedParameterNames": [],
      "handleReferences": false,
      "generateConstructorInterface": true,
      "convertConstructorInterfaceData": false,
      "importRequiredTypes": true,
      "useGetBaseUrlMethod": false,
      "baseUrlTokenName": "API_BASE_URL",
      "queryNullValue": "",
      "inlineNamedDictionaries": false,
      "inlineNamedAny": false,
      "templateDirectory": null,
      "typeNameGeneratorType": null,
      "propertyNameGeneratorType": null,
      "enumNameGeneratorType": null,
      "serviceHost": null,
      "serviceSchemes": null,
      "output": "../../Clients/identity-api.service.ts"
    },
    "openApiToCSharpClient": {
      "className": "{controller}Client",
      "namespace": "EduLinkClient.ApiClients.Identity",
      "output": "../../Clients/EduLinkClient.ApiClients/identity-EduLinkApiClients.cs",

      // ─── Client & Interface Generation ─────────────────────────────────────
      "generateClientClasses": true,
      "generateClientInterfaces": true,

      // ─── HttpClient Configuration ──────────────────────────────────────────
      "injectHttpClient": true,
      "httpClientType": "System.Net.Http.HttpClient",
      "disposeHttpClient": false,
      "useHttpClientCreationMethod": false,

      // ─── Exception & Response Wrapping ─────────────────────────────────────
      "generateExceptionClasses": true,
      "exceptionClass": "ApiException",
      "wrapResponses": false,
      "responseClass": "SwaggerResponse",
      "wrapResponseMethods": [],

      // ─── DTO & Parameter Handling ──────────────────────────────────────────
      "generateDtoTypes": true,
      "requiredPropertiesMustBeDefined": true,
      "generateOptionalParameters": false,
      "generateDefaultValues": true,

      // ─── Operation Mode ─────────────────────────────────────────────────────
      "operationGenerationMode": "MultipleClientsFromOperationId",

      // ─── Type Overrides ────────────────────────────────────────────────────
      "dateTimeType": "System.DateTimeOffset",
      "arrayType": "System.Collections.Generic.List",
      "dictionaryType": "System.Collections.Generic.Dictionary",

      // ─── Infrastructure & Extensibility ───────────────────────────────────

      "clientBaseClass": null,
      "jsonLibrary": "SystemTextJson",
      "configurationClass": null,
      "serializerSettingsType": null,
      "contractResolverType": null

    }
  }
}