{
  "Version": 1,
  "ManifestType": "Publish",
  "Endpoints": [
    {
      "Route": "SchoolSaas.Web.Backoffice.nw1wq2s8i6.styles.css",
      "AssetFile": "SchoolSaas.Web.Backoffice.styles.css",
      "Selectors": [],
      "ResponseHeaders": [
        {
          "Name": "Accept-Ranges",
          "Value": "bytes"
        },
        {
          "Name": "Cache-Control",
          "Value": "max-age=31536000, immutable"
        },
        {
          "Name": "Content-Length",
          "Value": "1141"
        },
        {
          "Name": "Content-Type",
          "Value": "text/css"
        },
        {
          "Name": "ETag",
          "Value": "\"Wcx3tBANYzqpVOiJR7cit6786wKlWYp4KuhzAfdRqJg=\""
        },
        {
          "Name": "Last-Modified",
          "Value": "Tue, 22 Apr 2025 21:23:34 GMT"
        }
      ],
      "EndpointProperties": [
        {
          "Name": "fingerprint",
          "Value": "nw1wq2s8i6"
        },
        {
          "Name": "integrity",
          "Value": "sha256-Wcx3tBANYzqpVOiJR7cit6786wKlWYp4KuhzAfdRqJg="
        },
        {
          "Name": "label",
          "Value": "SchoolSaas.Web.Backoffice.styles.css"
        }
      ]
    },
    {
      "Route": "SchoolSaas.Web.Backoffice.styles.css",
      "AssetFile": "SchoolSaas.Web.Backoffice.styles.css",
      "Selectors": [],
      "ResponseHeaders": [
        {
          "Name": "Accept-Ranges",
          "Value": "bytes"
        },
        {
          "Name": "Cache-Control",
          "Value": "no-cache"
        },
        {
          "Name": "Content-Length",
          "Value": "1141"
        },
        {
          "Name": "Content-Type",
          "Value": "text/css"
        },
        {
          "Name": "ETag",
          "Value": "\"Wcx3tBANYzqpVOiJR7cit6786wKlWYp4KuhzAfdRqJg=\""
        },
        {
          "Name": "Last-Modified",
          "Value": "Tue, 22 Apr 2025 21:23:34 GMT"
        }
      ],
      "EndpointProperties": [
        {
          "Name": "integrity",
          "Value": "sha256-Wcx3tBANYzqpVOiJR7cit6786wKlWYp4KuhzAfdRqJg="
        }
      ]
    },
    {
      "Route": "swagger/v1/swagger.66q06246mr.json",
      "AssetFile": "swagger/v1/swagger.json",
      "Selectors": [],
      "ResponseHeaders": [
        {
          "Name": "Accept-Ranges",
          "Value": "bytes"
        },
        {
          "Name": "Cache-Control",
          "Value": "max-age=31536000, immutable"
        },
        {
          "Name": "Content-Length",
          "Value": "201064"
        },
        {
          "Name": "Content-Type",
          "Value": "application/json"
        },
        {
          "Name": "ETag",
          "Value": "\"flJjlBsylUMmTiRoa8F8FINVWL71h5ttgJjLxvMwnv0=\""
        },
        {
          "Name": "Last-Modified",
          "Value": "Sun, 27 Apr 2025 00:34:21 GMT"
        }
      ],
      "EndpointProperties": [
        {
          "Name": "fingerprint",
          "Value": "66q06246mr"
        },
        {
          "Name": "integrity",
          "Value": "sha256-flJjlBsylUMmTiRoa8F8FINVWL71h5ttgJjLxvMwnv0="
        },
        {
          "Name": "label",
          "Value": "swagger/v1/swagger.json"
        }
      ]
    },
    {
      "Route": "swagger/v1/swagger.json",
      "AssetFile": "swagger/v1/swagger.json",
      "Selectors": [],
      "ResponseHeaders": [
        {
          "Name": "Accept-Ranges",
          "Value": "bytes"
        },
        {
          "Name": "Cache-Control",
          "Value": "no-cache"
        },
        {
          "Name": "Content-Length",
          "Value": "201064"
        },
        {
          "Name": "Content-Type",
          "Value": "application/json"
        },
        {
          "Name": "ETag",
          "Value": "\"flJjlBsylUMmTiRoa8F8FINVWL71h5ttgJjLxvMwnv0=\""
        },
        {
          "Name": "Last-Modified",
          "Value": "Sun, 27 Apr 2025 00:34:21 GMT"
        }
      ],
      "EndpointProperties": [
        {
          "Name": "integrity",
          "Value": "sha256-flJjlBsylUMmTiRoa8F8FINVWL71h5ttgJjLxvMwnv0="
        }
      ]
    }
  ]
}