{
  "Version": 1,
  "ManifestType": "Publish",
  "Endpoints": [
    {
      "Route": "swagger/v1/swagger.json",
      "AssetFile": "swagger/v1/swagger.json",
      "Selectors": [],
      "ResponseHeaders": [
        {
          "Name": "Accept-Ranges",
          "Value": "bytes"
        },
        {
          "Name": "Cache-Control",
          "Value": "no-cache"
        },
        {
          "Name": "Content-Length",
          "Value": "20576"
        },
        {
          "Name": "Content-Type",
          "Value": "application/json"
        },
        {
          "Name": "ETag",
          "Value": "\"zaW1OS9plmweIDa849OSsRDDtTSDmlvnxJi6cRPvWKs=\""
        },
        {
          "Name": "Last-Modified",
          "Value": "Sat, 26 Apr 2025 20:29:30 GMT"
        }
      ],
      "EndpointProperties": [
        {
          "Name": "integrity",
          "Value": "sha256-zaW1OS9plmweIDa849OSsRDDtTSDmlvnxJi6cRPvWKs="
        }
      ]
    },
    {
      "Route": "swagger/v1/swagger.plohjfcvks.json",
      "AssetFile": "swagger/v1/swagger.json",
      "Selectors": [],
      "ResponseHeaders": [
        {
          "Name": "Accept-Ranges",
          "Value": "bytes"
        },
        {
          "Name": "Cache-Control",
          "Value": "max-age=31536000, immutable"
        },
        {
          "Name": "Content-Length",
          "Value": "20576"
        },
        {
          "Name": "Content-Type",
          "Value": "application/json"
        },
        {
          "Name": "ETag",
          "Value": "\"zaW1OS9plmweIDa849OSsRDDtTSDmlvnxJi6cRPvWKs=\""
        },
        {
          "Name": "Last-Modified",
          "Value": "Sat, 26 Apr 2025 20:29:30 GMT"
        }
      ],
      "EndpointProperties": [
        {
          "Name": "fingerprint",
          "Value": "plohjfcvks"
        },
        {
          "Name": "integrity",
          "Value": "sha256-zaW1OS9plmweIDa849OSsRDDtTSDmlvnxJi6cRPvWKs="
        },
        {
          "Name": "label",
          "Value": "swagger/v1/swagger.json"
        }
      ]
    }
  ]
}