{
  "Version": 1,
  "ManifestType": "Publish",
  "Endpoints": [
    {
      "Route": "swagger/v1/swagger.4hha8gwqld.json",
      "AssetFile": "swagger/v1/swagger.json",
      "Selectors": [],
      "ResponseHeaders": [
        {
          "Name": "Accept-Ranges",
          "Value": "bytes"
        },
        {
          "Name": "Cache-Control",
          "Value": "max-age=31536000, immutable"
        },
        {
          "Name": "Content-Length",
          "Value": "43216"
        },
        {
          "Name": "Content-Type",
          "Value": "application/json"
        },
        {
          "Name": "ETag",
          "Value": "\"CMGTPT/AjeKOVpi+i9dBbcnPfIODX3KskONe/78uots=\""
        },
        {
          "Name": "Last-Modified",
          "Value": "Tue, 22 Apr 2025 14:10:41 GMT"
        }
      ],
      "EndpointProperties": [
        {
          "Name": "fingerprint",
          "Value": "4hha8gwqld"
        },
        {
          "Name": "integrity",
          "Value": "sha256-CMGTPT/AjeKOVpi+i9dBbcnPfIODX3KskONe/78uots="
        },
        {
          "Name": "label",
          "Value": "swagger/v1/swagger.json"
        }
      ]
    },
    {
      "Route": "swagger/v1/swagger.json",
      "AssetFile": "swagger/v1/swagger.json",
      "Selectors": [],
      "ResponseHeaders": [
        {
          "Name": "Accept-Ranges",
          "Value": "bytes"
        },
        {
          "Name": "Cache-Control",
          "Value": "no-cache"
        },
        {
          "Name": "Content-Length",
          "Value": "43216"
        },
        {
          "Name": "Content-Type",
          "Value": "application/json"
        },
        {
          "Name": "ETag",
          "Value": "\"CMGTPT/AjeKOVpi+i9dBbcnPfIODX3KskONe/78uots=\""
        },
        {
          "Name": "Last-Modified",
          "Value": "Tue, 22 Apr 2025 14:10:41 GMT"
        }
      ],
      "EndpointProperties": [
        {
          "Name": "integrity",
          "Value": "sha256-CMGTPT/AjeKOVpi+i9dBbcnPfIODX3KskONe/78uots="
        }
      ]
    }
  ]
}